rating_subject_perm_id,rating_subject_type,agency_code,rating_scale_code,valid_from_ts,valid_to_ts,is_current,rating_code,rating_outlook_code,rating_action_code,notch_change,numeric_rating_value,is_investment_grade,is_split_rated,rating_announce_ts,loaded_ts
4295905573,ISSUER,SP,LT_FC,2013-04-25 00:00:00,9999-12-31 00:00:00,true,AA+,STABLE,NEW,,21,true,false,2013-04-23 13:30:00,2013-04-25 02:00:00
4295905573,ISSUER,MDY,LT_FC,2013-04-29 00:00:00,9999-12-31 00:00:00,true,Aa1,STABLE,NEW,,21,true,false,2013-04-29 13:00:00,2013-04-30 02:00:00
4295905573,ISSUER,LSEG_COMP,LT_FC,2013-04-30 00:00:00,9999-12-31 00:00:00,true,AA+,STABLE,COMPOSITE,,21,true,false,2013-04-30 22:00:00,2013-05-01 02:00:00
4295902158,ISSUER,SP,LT_FC,2016-11-04 00:00:00,9999-12-31 00:00:00,true,AAA,STABLE,UP,1,22,true,false,2016-11-04 14:00:00,2016-11-05 02:00:00
4295902158,ISSUER,MDY,LT_FC,2010-09-27 00:00:00,9999-12-31 00:00:00,true,Aaa,STABLE,UP,1,22,true,false,2010-09-27 14:30:00,2010-09-28 02:00:00
4295902158,ISSUER,LSEG_COMP,LT_FC,2016-11-05 00:00:00,9999-12-31 00:00:00,true,AAA,STABLE,COMPOSITE,,22,true,false,2016-11-05 22:00:00,2016-11-06 02:00:00
4295902963,ISSUER,SP,LT_FC,2011-04-19 00:00:00,9999-12-31 00:00:00,true,AA+,STABLE,NEW,,21,true,false,2011-04-19 14:00:00,2011-04-20 02:00:00
4295902963,ISSUER,MDY,LT_FC,2011-04-19 00:00:00,9999-12-31 00:00:00,true,Aa2,STABLE,NEW,,20,true,true,2011-04-19 14:30:00,2011-04-20 02:00:00
4295902963,ISSUER,LSEG_COMP,LT_FC,2011-04-20 00:00:00,9999-12-31 00:00:00,true,AA,STABLE,COMPOSITE,,20,true,true,2011-04-20 22:00:00,2011-04-21 02:00:00
4295903669,ISSUER,SP,LT_FC,2019-05-15 00:00:00,2022-09-26 00:00:00,false,A+,STABLE,NEW,,18,true,false,2019-05-15 14:00:00,2019-05-16 02:00:00
4295903669,ISSUER,SP,LT_FC,2022-09-26 00:00:00,9999-12-31 00:00:00,true,A+,NEG,OUTLOOK_CHG,0,18,true,false,2022-09-26 14:00:00,2022-09-27 02:00:00
4295869407,ISSUER,SP,LT_FC,2021-02-09 00:00:00,9999-12-31 00:00:00,true,BBB,STABLE,DOWN,-1,15,true,false,2021-02-09 13:00:00,2021-02-10 02:00:00
4295869407,ISSUER,MDY,LT_FC,2020-04-30 00:00:00,9999-12-31 00:00:00,true,Baa2,STABLE,DOWN,-1,15,true,false,2020-04-30 14:00:00,2020-05-01 02:00:00
8821000001,ISSUE,SP,LT_FC,2023-02-08 16:30:00,9999-12-31 00:00:00,true,AA+,STABLE,NEW,,21,true,false,2023-02-06 18:00:00,2023-02-09 02:00:00
8821000002,ISSUE,SP,LT_FC,2023-02-08 16:30:00,9999-12-31 00:00:00,true,AA+,STABLE,NEW,,21,true,false,2023-02-06 18:00:00,2023-02-09 02:00:00
8821000010,ISSUE,SP,LT_FC,2024-04-01 16:30:00,9999-12-31 00:00:00,true,AAA,STABLE,NEW,,22,true,false,2024-03-29 18:00:00,2024-04-02 02:00:00
8821000020,ISSUE,SP,LT_FC,2022-11-15 00:00:00,2023-08-01 00:00:00,false,AA+,STABLE,NEW,,21,true,false,2011-08-05 18:30:00,2022-11-16 02:00:00
8821000020,ISSUE,SP,LT_FC,2023-08-01 00:00:00,9999-12-31 00:00:00,true,AA+,STABLE,CONFIRMED,0,21,true,false,2023-08-01 18:00:00,2023-08-02 02:00:00
