org_perm_id,valid_from_ts,valid_to_ts,is_current,entity_legal_name,entity_common_name,entity_status_code,entity_type_code,entity_country_iso,entity_country_iso_hq,entity_state_code,lei,parent_org_perm_id,ultimate_parent_org_perm_id,successor_org_perm_id,incorporation_date,delisting_date,trbc_industry_code,website_url,source_change_reason_code,loaded_ts
4295905573,1977-01-03 00:00:00,9999-12-31 00:00:00,TRUE,Apple Inc.,Apple,ACTIVE,PUB_CO,US,US,CA,HWUPKR0MPOU8FGXBT394,,4295905573,,1977-01-03,,5710201010,apple.com,INITIAL_LOAD,2026-05-28 06:00:00
4295902158,1975-04-04 00:00:00,2014-04-04 00:00:00,FALSE,Microsoft Corporation,Microsoft,ACTIVE,PUB_CO,US,US,WA,INR2EJN1ERAN0W5ZP974,,4295902158,,1975-04-04,,5710301010,microsoft.com,INITIAL_LOAD,2014-04-05 06:00:00
4295902158,2014-04-04 00:00:00,9999-12-31 00:00:00,TRUE,Microsoft Corporation,Microsoft,ACTIVE,PUB_CO,US,US,WA,INR2EJN1ERAN0W5ZP974,,4295902158,,1975-04-04,,5710301010,microsoft.com,CLASSIFICATION_FIX,2014-04-05 06:00:00
4295902963,2015-10-02 00:00:00,9999-12-31 00:00:00,TRUE,Alphabet Inc.,Alphabet,ACTIVE,PUB_CO,US,US,CA,5493006MHB84DD0ZWV18,,4295902963,,2015-10-02,,5710401010,abc.xyz,INITIAL_LOAD,2026-05-28 06:00:00
4295903669,2004-07-29 00:00:00,2021-10-28 00:00:00,FALSE,"Facebook, Inc.",Facebook,ACTIVE,PUB_CO,US,US,DE,BQ4BKCS1HXDV9TTTTXT89,,4295903669,,2004-07-29,,5710401010,facebook.com,INITIAL_LOAD,2021-10-29 06:00:00
4295903669,2021-10-28 00:00:00,9999-12-31 00:00:00,TRUE,Meta Platforms Inc.,Meta,ACTIVE,PUB_CO,US,US,DE,BQ4BKCS1HXDV9TTTTXT89,,4295903669,,2004-07-29,,5710401010,about.meta.com,NAME_CHANGE,2021-10-29 06:00:00
4295869407,1984-07-04 00:00:00,9999-12-31 00:00:00,TRUE,Vodafone Group Plc,Vodafone,ACTIVE,PUB_CO,GB,GB,,213800LBSQHC3OJSXP70,,4295869407,,1984-07-04,,5320101010,vodafone.com,INITIAL_LOAD,2026-05-28 06:00:00
4295868529,1916-03-07 00:00:00,9999-12-31 00:00:00,TRUE,Bayerische Motoren Werke AG,BMW,ACTIVE,PUB_CO,DE,DE,BY,529900HNOAA1KXQJUQ27,,4295868529,,1916-03-07,,5310201010,bmwgroup.com,INITIAL_LOAD,2026-05-28 06:00:00
4295875323,1937-08-28 00:00:00,9999-12-31 00:00:00,TRUE,Toyota Motor Corporation,Toyota,ACTIVE,PUB_CO,JP,JP,AI,V6T3L6HU0XQOQ4QSRJ08,,4295875323,,1937-08-28,,5310201010,global.toyota,INITIAL_LOAD,2026-05-28 06:00:00
